{
  "delta_x = 2.0": {
    "Solucao Analítica": [
      243.0,
      247.02611042801726,
      260.6152413607653,
      286.5308228969136,
      330.0429344503585,
      400.0
    ],
    "Diferenças Finitas": [
      243.0,
      247.31301815504577,
      261.0886517339044,
      287.0820281092209,
      330.49182379551945,
      400.0
    ]
  },
  "delta_x = 1.0": {
    "Solucao Analítica": [
      243.0,
      243.91070779083617,
      247.02611042801726,
      252.5026319792575,
      260.6152413607653,
      271.77126197817023,
      286.5308228969136,
      305.6349821830628,
      330.0429344503585,
      360.9801707553058,
      400.0
    ],
    "Diferenças Finitas": [
      243.0,
      243.95073713436827,
      247.09899949297736,
      252.6022000436368,
      260.7354985514666,
      271.9055595540323,
      286.67088556883226,
      305.76974219254083,
      330.15707134563894,
      361.05223832290307,
      400.0
    ]
  },
  "delta_x = 0.5": {
    "Solucao Analítica": [
      243.0,
      243.1851672433668,
      243.91070779083617,
      245.1857041648109,
      247.02611042801726,
      249.4549556318036,
      252.5026319792575,
      256.20727512363214,
      260.6152413607653,
      265.78168768661266,
      271.77126197817023,
      278.65891193403695,
      286.5308228969136,
      295.48549629303284,
      305.6349821830628,
      317.10628134742547,
      330.0429344503585,
      344.6068181679733,
      360.9801707553058,
      379.3678723983322,
      400.0
    ],
    "Diferenças Finitas": [
      243.0,
      243.19034716823575,
      243.92058527229386,
      245.19984232329548,
      247.04410909537796,
      249.47643901113372,
      252.52723631049227,
      256.23463610516893,
      260.6449810693798,
      265.81340072547914,
      271.8045005656176,
      278.6931696234749,
      286.5655165907515,
      295.5199461799212,
      305.66838918782906,
      317.13770163598934,
      330.0712504769036,
      344.6307056878028,
      360.9980611530721,
      379.3779095964838,
      400.0
    ]
  },
  "delta_x = 0.25": {
    "Solucao Analítica": [
      243.0,
      243.02534092656526,
      243.1851672433668,
      243.47998235241053,
      243.91070779083617,
      244.47868992616844,
      245.1857041648109,
      246.0339605016359,
      247.02611042801726,
      248.16525521989837,
      249.4549556318036,
      250.89924302709375,
      252.5026319792575,
      254.27013438362755,
      256.20727512363214,
      258.32010934055216,
      260.6152413607653,
      263.0998453396407,
      265.78168768661266,
      268.6691513415312,
      271.77126197817023,
      275.09771621680414,
      278.65891193403695,
      282.46598076462885,
      286.5308228969136,
      290.8661442705719,
      295.48549629303284,
      300.40331819865065,
      305.6349821830628,
      311.1968414538115,
      317.10628134742547,
      323.3817736727453,
      330.0429344503585,
      337.11058522862743,
      344.6068181679733,
      352.5550650968556,
      360.9801707553058,
      369.90847045495843,
      379.3678723983322,
      389.38794491467496,
      400.0
    ],
    "Diferenças Finitas": [
      243.0,
      243.02618515439187,
      243.18681554899965,
      243.482393146147,
      243.9138416117308,
      244.48250920163298,
      245.19017297495574,
      246.03904434724666,
      247.03177600106682,
      248.1714701754973,
      249.46168836048838,
      250.9064624263457,
      252.5103072231329,
      254.27823468936273,
      256.2157695140657,
      258.32896640118014,
      260.62442899021323,
      263.10933049229953,
      265.7914361061437,
      268.67912728389626,
      271.78142792279186,
      275.1080325643978,
      278.66933668959416,
      282.4764692039561,
      286.5413272150528,
      290.87661321034125,
      295.4958747518342,
      300.4135468115854,
      305.64499688028855,
      311.2065729899535,
      317.11565480072625,
      323.3907079114985,
      330.0513415640236,
      337.1183699208619,
      344.6138771086463,
      352.56128622992503,
      360.98543255924005,
      369.9126411521759,
      379.37080910990306,
      389.3894927562888,
      400.0
    ]
  }
}
